dia,casos_reales,observaciones,estimacion_kalman,incertidumbre
0,100.0,116.0714625698011,116.0714625698011,0.31614874265901044
1,121.55585662267572,112.95221500131542,112.95841045294,0.3159135640211525
2,147.7873531376887,147.48532362010937,141.4873262083918,0.28993209744666726
3,179.69690767617624,164.85329854777473,162.81633726866804,0.2691396409218551
4,218.49672060984147,200.2506668081202,193.59848390852727,0.2551232481609369
5,265.6502435365823,270.0026888661752,249.20106315418496,0.24688183901689412
6,322.92069382040404,304.37001824932184,296.0040971316612,0.24277924005753765
7,392.4272505714376,384.14794686844135,363.58889952296204,0.24111122827063802
8,476.70932062995416,455.4116190306818,437.4296959803727,0.240584370209924
9,578.7988110463542,597.2743396858275,554.2766115994397,0.2404691237213676
10,702.299595350989,705.450369210371,674.9373753978309,0.24045770656749255
11,851.4721958474452,835.7921583267968,807.465218604639,0.24045752287103145
12,1031.3199796453866,1112.6057172785563,1029.2354036398228,0.24045377185780595
13,1247.6707241299364,1301.676236702034,1249.2235456659532,0.240449028842416
14,1507.2441021962966,1603.5209378930488,1527.3091151495994,0.2404456712502401
15,1817.691388365226,2035.1192741004725,1909.7981986363575,0.24044395430631954
16,2187.588570576227,2367.268453814901,2288.9239731104217,0.24044328030881632
17,2626.3584438389557,2590.281731036476,2593.8880544025815,0.24044308146432966
18,3144.0920226770327,2613.7486434493453,2735.369860492972,0.24044304300204983
19,3751.236295712582,3331.4653353805397,3185.009108080519,0.24044304045309278
20,4458.116354621532,4708.440565516228,4200.849164320105,0.24044303999297462
21,5274.268427098539,5718.224657490339,5317.44488850946,0.2404430377559806
22,6207.57974855061,5766.152117772138,5898.531197081932,0.2404430354033432
23,7263.263998348222,7109.927889597828,6893.360026835647,0.24044303387824564
24,8442.746807043033,8478.86428129209,8148.953085654226,0.2404430331468391
25,9742.589049251561,9269.882937436514,9203.724575361452,0.24044303287708543
26,11153.623971898676,11123.032743450754,10733.649943155378,0.24044303280363125
27,12660.509435220698,9784.80834553206,10685.393451234075,0.24044303279140025
28,14241.879174197831,15744.871686930583,13925.742243518485,0.24044303279099044
29,15871.204738637874,14890.897309569693,15172.68631848898,0.24044303279050064
30,17518.356928791534,15512.150917842864,16000.022807593343,0.24044303278924706
31,19151.707859529084,20122.61805427484,18914.288522795854,0.24044303278810863
32,20740.484773718523,24982.156055895153,23201.35659378946,0.24044303278742699
33,22257.01858519802,22838.169947367936,24136.216316327427,0.24044303278711981
34,23678.550225648603,21364.082714869743,23411.782734073604,0.2404430327870136
35,24988.36125489002,24720.548362429126,24626.04582986439,0.24044303278698714
36,26176.14678902721,22690.835935297495,23984.284514488056,0.24044303278698348
37,27237.699320839387,24521.33738852848,24506.1408119293,0.24044303278698348
38,28174.0795291386,33287.44317076251,29797.354166230143,0.2404430327869831
39,28990.49524072013,33089.19142818781,32631.798375188177,0.24044303278698242
40,29695.097331854195,31087.96196822479,32764.548014806,0.24044303278698187
41,30297.852138682545,26919.862209925992,30066.491394295277,0.24044303278698156
42,30809.587825004128,32394.035539800294,31446.731758663012,0.24044303278698148
43,31241.25545246477,33908.82949558634,33099.33294860619,0.2404430327869814
44,31603.403689862083,29848.772232532487,31615.549986901155,0.2404430327869814
45,31905.84103512006,34003.4049981806,33028.60846836452,0.2404430327869814
46,32157.44839318432,32299.864240446495,32840.09047655495,0.2404430327869814
47,32366.1034807849,27699.819716926795,29990.18335638434,0.2404430327869814
48,32538.6826438676,36843.255720502115,33603.540474422014,0.2404430327869814
49,32681.11213004273,32548.567829792562,33310.45287809148,0.2404430327869814
50,32798.44765949184,33432.17973754246,33541.1613674093,0.2404430327869814
51,32894.96722319644,30049.946327769096,31660.740810190477,0.2404430327869814
52,32974.26698472839,34630.00075397167,33184.45579740714,0.2404430327869814
53,33039.353922677896,34747.30687859794,34191.9935641627,0.2404430327869814
54,33092.73156103119,31171.467345846617,32663.808830368125,0.2404430327869814
55,33136.47699694549,34770.7254728651,33793.42541824513,0.2404430327869814
56,33172.308654347384,31717.993787185223,32705.83983248798,0.2404430327869814
57,33201.64494571478,28893.645361093848,30411.28337660678,0.2404430327869814
58,33225.6544553976,30484.606478843692,30051.340030404976,0.2404430327869814
59,33245.29847298447,32568.13349446719,31193.027394967263,0.2404430327869814
60,33261.36678189309,34506.782427112186,33077.901029271816,0.2404430327869814
61,33274.50760051723,35541.017522028145,34764.48150426945,0.2404430327869814
62,33285.25251738611,31298.840913988533,33182.97511515943,0.2404430327869814
63,33294.03718177488,34572.985477918824,34021.66708923446,0.2404430327869814
64,33301.21842214795,31894.391209988076,32940.15367000351,0.2404430327869814
65,33307.08837583888,31410.85284788599,31989.552198350026,0.2404430327869814
66,33311.88612962466,30926.38008207507,31189.571013410015,0.2404430327869814
67,33315.807294931205,28565.006186070746,29432.846042812318,0.2404430327869814
68,33319.011874305404,35151.11645924122,32321.10200959752,0.2404430327869814
69,33321.63071754262,36314.860749528016,34793.63969980329,0.2404430327869814
70,33323.77081596525,31700.408449229693,33481.437707314064,0.2404430327869814
71,33325.51964103413,26084.27960873044,29315.19816893313,0.2404430327869814
72,33326.94869786271,35164.903861262734,32143.73354304015,0.2404430327869814
73,33328.11643441049,31788.067584854663,32005.300173906126,0.2404430327869814
74,33329.07062232208,32664.683481899836,32409.077225098816,0.2404430327869814
75,33329.850304794694,26186.91692632494,28886.93792773207,0.2404430327869814
76,33330.48738982961,36126.289578613956,32592.71152353786,0.2404430327869814
77,33331.00795317092,32327.60390232556,32685.722811333206,0.2404430327869814
78,33331.4333036602,34725.09864920123,34037.46584116043,0.2404430327869814
79,33331.7808542152,28903.182832421302,31383.148508724415,0.2404430327869814
80,33332.064833821256,31687.34023636079,31363.595724151313,0.2404430327869814
81,33332.29686950565,33064.568143151206,32218.057230814884,0.2404430327869814
82,33332.48646200392,33758.126812897324,33153.36541378635,0.2404430327869814
83,33332.64137451439,33618.80584724078,33591.61486668518,0.2404430327869814
84,33332.767950406094,30382.848324347393,31911.28537214358,0.2404430327869814
85,33332.87137285417,37124.274667883554,34785.87963385125,0.2404430327869814
86,33332.955877010725,36785.819593845554,36283.213324754564,0.2404430327869814
87,33333.02492338397,26587.927451521737,31122.43627775799,0.2404430327869814
88,33333.081339514836,29440.42442259664,29662.995576918103,0.2404430327869814
89,33333.127435746,34365.645586613566,31848.994966741324,0.2404430327869814
90,33333.16509981963,30916.067117828323,31293.81378005804,0.2404430327869814
91,33333.19587417451,36379.29982429122,34140.461996845064,0.2404430327869814
92,33333.2210191061,35022.15768200575,35016.62543853616,0.2404430327869814
93,33333.241564374686,33236.37183879108,34354.976375121514,0.2404430327869814
94,33333.25835137416,36296.22668155511,35615.078964751374,0.2404430327869814
95,33333.27206758775,37093.7032415773,36747.62865736472,0.2404430327869814
96,33333.28327474144,30292.572061659823,33364.57319230921,0.2404430327869814
97,33333.29243180768,33106.911268672135,32933.43435183929,0.2404430327869814
98,33333.299913801304,31228.48480750048,31701.208570022347,0.2404430327869814
99,33333.30602713738,34899.22573465991,33206.43253056148,0.2404430327869814
100,33333.31102217975,37428.17373217212,35651.19198670826,0.2404430327869814
101,33333.31510349417,32517.984777904116,34208.829349618616,0.2404430327869814
102,33333.318438225964,37146.9927148967,35929.208004339365,0.2404430327869814
103,33333.321162945125,28013.795022179234,31624.951641906337,0.2404430327869814
104,33333.323389239406,31724.689626057167,31212.76876370771,0.2404430327869814
105,33333.32520828414,30151.877360507413,30234.738973159107,0.2404430327869814
106,33333.32669457627,29031.67582646645,29157.496273542678,0.2404430327869814
107,33333.327908985266,30225.986414153722,29367.66041079635,0.2404430327869814
108,33333.3289012459,34152.840479984654,31902.844953475887,0.2404430327869814
109,33333.32971199512,28876.34686759292,30384.01362540121,0.2404430327869814
110,33333.33037443629,37460.788688280445,34396.50528385548,0.2404430327869814
111,33333.330915698985,31392.826909622727,33210.58811703639,0.2404430327869814
112,33333.331357950025,36362.66854887952,35210.1314303559,0.2404430327869814
113,33333.33171930133,37504.31398146862,36950.424990624415,0.2404430327869814
114,33333.33201455166,35581.490826070425,36686.7323907486,0.2404430327869814
115,33333.33225579269,30567.696385485826,33449.85923903456,0.2404430327869814
116,33333.332452904164,29778.68659897233,31036.183578496468,0.2404430327869814
117,33333.33261395859,27694.473039861976,28554.69563455148,0.2404430327869814
118,33333.332745551794,31650.069959594337,29617.984529274145,0.2404430327869814
119,33333.33285307301,40221.972091303986,35439.59727765822,0.2404430327869814
120,33333.332940925684,34695.84176807439,35683.032480250244,0.2404430327869814
